Time,Wx,Wy,Wz,Tx,Ty,Tz,Ix,Iy,Iz,Mx,My,Mz,Rx,Ry,Rz,Px,Py,Pz
0.0
0.172414
0.172414
0.517241
0.689655
0.689655
1.034483
1.034483
1.37931
1.551724
1.724138
1.724138
2.068966
2.241379
2.413793
2.413793
2.758621
2.931034
3.103448
3.103448
3.448276
3.62069
3.793103
3.793103
4.137931
4.310345
4.482759
4.482759
4.827586
5.0
5.172414
5.172414
5.517241
5.689655
5.689655
6.034483
6.206897
6.206897
